"DATE","Year","Month","Month Formatted","Day","DailyAverageDryBulbTemperature","DailyMaximumDryBulbTemperature","DailyMinimumDryBulbTemperature","MonthlyMaximumTemperature","MonthlyMeanTemperature","MonthlyMinimumTemperature","HourlyPresentWeatherType","HourlyPrecipitation"
2019-01-01,2019,1,"January",1,50,59,40,NA,NA,NA,"",""
2019-01-02,2019,1,"January",2,38,41,34,NA,NA,NA,"",""
2019-01-03,2019,1,"January",3,40,46,34,NA,NA,NA,"",""
2019-01-04,2019,1,"January",4,40,45,34,NA,NA,NA,"",""
2019-01-05,2019,1,"January",5,44,46,41,NA,NA,NA,"",""
2019-01-06,2019,1,"January",6,41,51,31,NA,NA,NA,"",""
2019-01-07,2019,1,"January",7,30,35,25,NA,NA,NA,"",""
2019-01-08,2019,1,"January",8,41,46,35,NA,NA,NA,"",""
2019-01-09,2019,1,"January",9,41,47,34,NA,NA,NA,"",""
2019-01-10,2019,1,"January",10,32,36,28,NA,NA,NA,"",""
2019-01-11,2019,1,"January",11,27,32,22,NA,NA,NA,"",""
2019-01-12,2019,1,"January",12,28,35,20,NA,NA,NA,"",""
2019-01-13,2019,1,"January",13,29,33,24,NA,NA,NA,"",""
2019-01-14,2019,1,"January",14,29,33,24,NA,NA,NA,"",""
2019-01-15,2019,1,"January",15,30,36,23,NA,NA,NA,"",""
2019-01-16,2019,1,"January",16,32,39,25,NA,NA,NA,"",""
2019-01-17,2019,1,"January",17,30,34,25,NA,NA,NA,"",""
2019-01-18,2019,1,"January",18,34,39,28,NA,NA,NA,"",""
2019-01-19,2019,1,"January",19,34,39,29,NA,NA,NA,"",""
2019-01-20,2019,1,"January",20,33,50,15,NA,NA,NA,"",""
2019-01-21,2019,1,"January",21,10,15,5,NA,NA,NA,"",""
2019-01-22,2019,1,"January",22,23,31,14,NA,NA,NA,"",""
2019-01-23,2019,1,"January",23,38,47,29,NA,NA,NA,"",""
2019-01-24,2019,1,"January",24,45,54,35,NA,NA,NA,"",""
2019-01-25,2019,1,"January",25,34,40,28,NA,NA,NA,"",""
2019-01-26,2019,1,"January",26,29,33,24,NA,NA,NA,"",""
2019-01-27,2019,1,"January",27,37,45,28,NA,NA,NA,"",""
2019-01-28,2019,1,"January",28,31,39,23,NA,NA,NA,"",""
2019-01-29,2019,1,"January",29,33,43,22,NA,NA,NA,"",""
2019-01-30,2019,1,"January",30,21,35,7,NA,NA,NA,"",""
2019-01-31,2019,1,"January",31,10,17,3,NA,NA,NA,"",""
2019-01-31,2019,1,"January",31,NA,NA,NA,39.4,32.4,25.5,"",""
2019-02-01,2019,2,"February",1,17,22,11,NA,NA,NA,"",""
2019-02-02,2019,2,"February",2,24,32,16,NA,NA,NA,"",""
2019-02-03,2019,2,"February",3,37,49,25,NA,NA,NA,"",""
2019-02-04,2019,2,"February",4,42,53,30,NA,NA,NA,"",""
2019-02-05,2019,2,"February",5,46,60,32,NA,NA,NA,"",""
2019-02-06,2019,2,"February",6,39,45,33,NA,NA,NA,"",""
2019-02-07,2019,2,"February",7,42,44,39,NA,NA,NA,"",""
2019-02-08,2019,2,"February",8,44,55,32,NA,NA,NA,"",""
2019-02-09,2019,2,"February",9,29,34,24,NA,NA,NA,"",""
2019-02-10,2019,2,"February",10,29,35,22,NA,NA,NA,"",""
2019-02-11,2019,2,"February",11,33,37,29,NA,NA,NA,"",""
2019-02-12,2019,2,"February",12,32,37,26,NA,NA,NA,"",""
2019-02-13,2019,2,"February",13,38,42,33,NA,NA,NA,"",""
2019-02-14,2019,2,"February",14,40,46,33,NA,NA,NA,"",""
2019-02-15,2019,2,"February",15,46,54,38,NA,NA,NA,"",""
2019-02-16,2019,2,"February",16,42,52,32,NA,NA,NA,"",""
2019-02-17,2019,2,"February",17,31,36,25,NA,NA,NA,"",""
2019-02-18,2019,2,"February",18,35,43,26,NA,NA,NA,"",""
2019-02-19,2019,2,"February",19,30,36,23,NA,NA,NA,"",""
2019-02-20,2019,2,"February",20,30,34,26,NA,NA,NA,"",""
2019-02-21,2019,2,"February",21,42,51,33,NA,NA,NA,"",""
2019-02-22,2019,2,"February",22,41,45,37,NA,NA,NA,"",""
2019-02-23,2019,2,"February",23,36,40,31,NA,NA,NA,"",""
2019-02-24,2019,2,"February",24,43,47,38,NA,NA,NA,"",""
2019-02-25,2019,2,"February",25,36,44,28,NA,NA,NA,"",""
2019-02-26,2019,2,"February",26,33,39,26,NA,NA,NA,"",""
2019-02-27,2019,2,"February",27,27,30,24,NA,NA,NA,"",""
2019-02-28,2019,2,"February",28,32,37,27,NA,NA,NA,"",""
2019-02-28,2019,2,"February",28,NA,NA,NA,42.1,35.3,28.5,"",""
2019-03-01,2019,3,"March",1,32,37,27,NA,NA,NA,"",""
2019-03-02,2019,3,"March",2,36,40,31,NA,NA,NA,"",""
2019-03-03,2019,3,"March",3,38,43,32,NA,NA,NA,"",""
2019-03-04,2019,3,"March",4,34,39,29,NA,NA,NA,"",""
2019-03-05,2019,3,"March",5,27,33,20,NA,NA,NA,"",""
2019-03-06,2019,3,"March",6,24,28,19,NA,NA,NA,"",""
2019-03-07,2019,3,"March",7,26,33,18,NA,NA,NA,"",""
2019-03-08,2019,3,"March",8,30,37,22,NA,NA,NA,"",""
2019-03-09,2019,3,"March",9,40,47,33,NA,NA,NA,"",""
2019-03-10,2019,3,"March",10,40,44,35,NA,NA,NA,"",""
2019-03-11,2019,3,"March",11,47,54,39,NA,NA,NA,"",""
2019-03-12,2019,3,"March",12,40,45,34,NA,NA,NA,"",""
2019-03-13,2019,3,"March",13,36,42,29,NA,NA,NA,"",""
2019-03-14,2019,3,"March",14,45,52,38,NA,NA,NA,"",""
2019-03-15,2019,3,"March",15,53,59,47,NA,NA,NA,"",""
2019-03-16,2019,3,"March",16,47,57,37,NA,NA,NA,"",""
2019-03-17,2019,3,"March",17,39,45,33,NA,NA,NA,"",""
2019-03-18,2019,3,"March",18,37,45,28,NA,NA,NA,"",""
2019-03-19,2019,3,"March",19,41,50,32,NA,NA,NA,"",""
2019-03-20,2019,3,"March",20,41,50,31,NA,NA,NA,"",""
2019-03-21,2019,3,"March",21,45,48,41,NA,NA,NA,"",""
2019-03-22,2019,3,"March",22,45,51,39,NA,NA,NA,"",""
2019-03-23,2019,3,"March",23,43,50,35,NA,NA,NA,"",""
2019-03-24,2019,3,"March",24,48,58,37,NA,NA,NA,"",""
2019-03-25,2019,3,"March",25,48,54,42,NA,NA,NA,"",""
2019-03-26,2019,3,"March",26,40,48,32,NA,NA,NA,"",""
2019-03-27,2019,3,"March",27,37,42,32,NA,NA,NA,"",""
2019-03-28,2019,3,"March",28,41,48,33,NA,NA,NA,"",""
2019-03-29,2019,3,"March",29,50,56,44,NA,NA,NA,"",""
2019-03-30,2019,3,"March",30,52,57,47,NA,NA,NA,"",""
2019-03-31,2019,3,"March",31,48,56,39,NA,NA,NA,"",""
2019-03-31,2019,3,"March",31,NA,NA,NA,46.7,40.1,33.4,"",""
2019-04-01,2019,4,"April",1,40,47,32,NA,NA,NA,"",""
2019-04-02,2019,4,"April",2,40,49,31,NA,NA,NA,"",""
2019-04-03,2019,4,"April",3,53,66,40,NA,NA,NA,"",""
2019-04-04,2019,4,"April",4,52,61,42,NA,NA,NA,"",""
2019-04-05,2019,4,"April",5,41,43,38,NA,NA,NA,"",""
2019-04-06,2019,4,"April",6,52,63,40,NA,NA,NA,"",""
2019-04-07,2019,4,"April",7,52,59,45,NA,NA,NA,"",""
2019-04-08,2019,4,"April",8,58,68,48,NA,NA,NA,"",""
2019-04-09,2019,4,"April",9,46,48,43,NA,NA,NA,"",""
2019-04-10,2019,4,"April",10,51,61,40,NA,NA,NA,"",""
2019-04-11,2019,4,"April",11,43,48,38,NA,NA,NA,"",""
2019-04-12,2019,4,"April",12,54,62,45,NA,NA,NA,"",""
2019-04-13,2019,4,"April",13,61,69,53,NA,NA,NA,"",""
2019-04-14,2019,4,"April",14,57,63,51,NA,NA,NA,"",""
2019-04-15,2019,4,"April",15,54,61,46,NA,NA,NA,"",""
2019-04-16,2019,4,"April",16,55,66,44,NA,NA,NA,"",""
2019-04-17,2019,4,"April",17,52,57,47,NA,NA,NA,"",""
2019-04-18,2019,4,"April",18,54,58,49,NA,NA,NA,"",""
2019-04-19,2019,4,"April",19,62,70,54,NA,NA,NA,"",""
2019-04-20,2019,4,"April",20,58,62,53,NA,NA,NA,"",""
2019-04-21,2019,4,"April",21,57,62,51,NA,NA,NA,"",""
2019-04-22,2019,4,"April",22,56,62,50,NA,NA,NA,"",""
2019-04-23,2019,4,"April",23,63,70,56,NA,NA,NA,"",""
2019-04-24,2019,4,"April",24,62,70,53,NA,NA,NA,"",""
2019-04-25,2019,4,"April",25,53,58,47,NA,NA,NA,"",""
2019-04-26,2019,4,"April",26,56,59,52,NA,NA,NA,"",""
2019-04-27,2019,4,"April",27,54,61,47,NA,NA,NA,"",""
2019-04-28,2019,4,"April",28,50,55,45,NA,NA,NA,"",""
2019-04-29,2019,4,"April",29,47,55,39,NA,NA,NA,"",""
2019-04-30,2019,4,"April",30,54,59,48,NA,NA,NA,"",""
2019-04-30,2019,4,"April",30,NA,NA,NA,59.7,52.7,45.6,"",""
2019-05-01,2019,5,"May",1,52,54,49,NA,NA,NA,"",""
2019-05-02,2019,5,"May",2,60,70,49,NA,NA,NA,"",""
2019-05-03,2019,5,"May",3,53,56,49,NA,NA,NA,"",""
2019-05-04,2019,5,"May",4,59,65,53,NA,NA,NA,"",""
2019-05-05,2019,5,"May",5,54,57,51,NA,NA,NA,"",""
2019-05-06,2019,5,"May",6,59,68,50,NA,NA,NA,"",""
2019-05-07,2019,5,"May",7,57,62,51,NA,NA,NA,"",""
2019-05-08,2019,5,"May",8,60,68,52,NA,NA,NA,"",""
2019-05-09,2019,5,"May",9,53,56,50,NA,NA,NA,"",""
2019-05-10,2019,5,"May",10,61,67,54,NA,NA,NA,"",""
2019-05-11,2019,5,"May",11,63,70,56,NA,NA,NA,"",""
2019-05-12,2019,5,"May",12,50,56,43,NA,NA,NA,"",""
2019-05-13,2019,5,"May",13,46,49,43,NA,NA,NA,"",""
2019-05-14,2019,5,"May",14,48,51,44,NA,NA,NA,"",""
2019-05-15,2019,5,"May",15,56,66,45,NA,NA,NA,"",""
2019-05-16,2019,5,"May",16,60,68,52,NA,NA,NA,"",""
2019-05-17,2019,5,"May",17,63,71,54,NA,NA,NA,"",""
2019-05-18,2019,5,"May",18,64,71,56,NA,NA,NA,"",""
2019-05-19,2019,5,"May",19,63,69,56,NA,NA,NA,"",""
2019-05-20,2019,5,"May",20,74,86,61,NA,NA,NA,"",""
2019-05-21,2019,5,"May",21,66,73,58,NA,NA,NA,"",""
2019-05-22,2019,5,"May",22,65,74,55,NA,NA,NA,"",""
2019-05-23,2019,5,"May",23,62,69,55,NA,NA,NA,"",""
2019-05-24,2019,5,"May",24,69,75,62,NA,NA,NA,"",""
2019-05-25,2019,5,"May",25,60,66,53,NA,NA,NA,"",""
2019-05-26,2019,5,"May",26,72,85,59,NA,NA,NA,"",""
2019-05-27,2019,5,"May",27,73,81,64,NA,NA,NA,"",""
2019-05-28,2019,5,"May",28,67,71,62,NA,NA,NA,"",""
2019-05-29,2019,5,"May",29,64,71,56,NA,NA,NA,"",""
2019-05-30,2019,5,"May",30,60,64,56,NA,NA,NA,"",""
2019-05-31,2019,5,"May",31,71,80,61,NA,NA,NA,"",""
2019-05-31,2019,5,"May",31,NA,NA,NA,67.4,60.5,53.5,"",""
2019-06-01,2019,6,"June",1,70,78,61,NA,NA,NA,"",""
2019-06-02,2019,6,"June",2,71,79,62,NA,NA,NA,"",""
2019-06-03,2019,6,"June",3,65,72,57,NA,NA,NA,"",""
2019-06-04,2019,6,"June",4,63,70,55,NA,NA,NA,"",""
2019-06-05,2019,6,"June",5,69,75,62,NA,NA,NA,"",""
2019-06-06,2019,6,"June",6,74,84,64,NA,NA,NA,"",""
2019-06-07,2019,6,"June",7,69,77,61,NA,NA,NA,"",""
2019-06-08,2019,6,"June",8,69,78,60,NA,NA,NA,"",""
2019-06-09,2019,6,"June",9,66,74,57,NA,NA,NA,"",""
2019-06-10,2019,6,"June",10,63,70,56,NA,NA,NA,"",""
2019-06-11,2019,6,"June",11,72,79,65,NA,NA,NA,"",""
2019-06-12,2019,6,"June",12,65,73,57,NA,NA,NA,"",""
2019-06-13,2019,6,"June",13,62,66,57,NA,NA,NA,"",""
2019-06-14,2019,6,"June",14,67,75,59,NA,NA,NA,"",""
2019-06-15,2019,6,"June",15,65,75,55,NA,NA,NA,"",""
2019-06-16,2019,6,"June",16,71,76,65,NA,NA,NA,"",""
2019-06-17,2019,6,"June",17,72,76,67,NA,NA,NA,"",""
2019-06-18,2019,6,"June",18,71,76,66,NA,NA,NA,"",""
2019-06-19,2019,6,"June",19,67,69,65,NA,NA,NA,"",""
2019-06-20,2019,6,"June",20,71,76,66,NA,NA,NA,"",""
2019-06-21,2019,6,"June",21,73,80,66,NA,NA,NA,"",""
2019-06-22,2019,6,"June",22,73,82,63,NA,NA,NA,"",""
2019-06-23,2019,6,"June",23,75,85,64,NA,NA,NA,"",""
2019-06-24,2019,6,"June",24,73,83,63,NA,NA,NA,"",""
2019-06-25,2019,6,"June",25,75,81,69,NA,NA,NA,"",""
2019-06-26,2019,6,"June",26,78,86,69,NA,NA,NA,"",""
2019-06-27,2019,6,"June",27,80,91,69,NA,NA,NA,"",""
2019-06-28,2019,6,"June",28,79,88,69,NA,NA,NA,"",""
2019-06-29,2019,6,"June",29,80,89,71,NA,NA,NA,"",""
2019-06-30,2019,6,"June",30,78,87,69,NA,NA,NA,"",""
2019-06-30,2019,6,"June",30,NA,NA,NA,78.3,70.7,63,"",""
2019-07-01,2019,7,"July",1,76,86,65,NA,NA,NA,"",""
2019-07-02,2019,7,"July",2,78,89,67,NA,NA,NA,"",""
2019-07-03,2019,7,"July",3,79,86,72,NA,NA,NA,"",""
2019-07-04,2019,7,"July",4,79,87,70,NA,NA,NA,"",""
2019-07-05,2019,7,"July",5,78,83,72,NA,NA,NA,"",""
2019-07-06,2019,7,"July",6,81,87,75,NA,NA,NA,"",""
2019-07-07,2019,7,"July",7,78,85,70,NA,NA,NA,"",""
2019-07-08,2019,7,"July",8,73,78,68,NA,NA,NA,"",""
2019-07-09,2019,7,"July",9,79,89,68,NA,NA,NA,"",""
2019-07-10,2019,7,"July",10,79,88,70,NA,NA,NA,"",""
2019-07-11,2019,7,"July",11,77,83,71,NA,NA,NA,"",""
2019-07-12,2019,7,"July",12,82,90,73,NA,NA,NA,"",""
2019-07-13,2019,7,"July",13,78,85,71,NA,NA,NA,"",""
2019-07-14,2019,7,"July",14,83,93,73,NA,NA,NA,"",""
2019-07-15,2019,7,"July",15,78,86,69,NA,NA,NA,"",""
2019-07-16,2019,7,"July",16,79,87,70,NA,NA,NA,"",""
2019-07-17,2019,7,"July",17,82,90,73,NA,NA,NA,"",""
2019-07-18,2019,7,"July",18,79,86,71,NA,NA,NA,"",""
2019-07-19,2019,7,"July",19,78,84,71,NA,NA,NA,"",""
2019-07-20,2019,7,"July",20,89,99,78,NA,NA,NA,"",""
2019-07-21,2019,7,"July",21,90,99,80,NA,NA,NA,"",""
2019-07-22,2019,7,"July",22,80,87,73,NA,NA,NA,"",""
2019-07-23,2019,7,"July",23,72,76,67,NA,NA,NA,"",""
2019-07-24,2019,7,"July",24,75,84,65,NA,NA,NA,"",""
2019-07-25,2019,7,"July",25,76,85,67,NA,NA,NA,"",""
2019-07-26,2019,7,"July",26,76,85,67,NA,NA,NA,"",""
2019-07-27,2019,7,"July",27,76,82,70,NA,NA,NA,"",""
2019-07-28,2019,7,"July",28,79,87,71,NA,NA,NA,"",""
2019-07-29,2019,7,"July",29,81,89,72,NA,NA,NA,"",""
2019-07-30,2019,7,"July",30,81,87,75,NA,NA,NA,"",""
2019-07-31,2019,7,"July",31,79,86,72,NA,NA,NA,"",""
2019-07-31,2019,7,"July",31,NA,NA,NA,86.7,78.8,70.8,"",""
2019-08-01,2019,8,"August",1,80,89,71,NA,NA,NA,"",""
2019-08-02,2019,8,"August",2,77,82,72,NA,NA,NA,"",""
2019-08-03,2019,8,"August",3,77,84,70,NA,NA,NA,"",""
2019-08-04,2019,8,"August",4,80,89,70,NA,NA,NA,"",""
2019-08-05,2019,8,"August",5,76,82,70,NA,NA,NA,"",""
2019-08-06,2019,8,"August",6,75,79,71,NA,NA,NA,"",""
2019-08-07,2019,8,"August",7,77,84,70,NA,NA,NA,"",""
2019-08-08,2019,8,"August",8,78,86,69,NA,NA,NA,"",""
2019-08-09,2019,8,"August",9,78,85,70,NA,NA,NA,"",""
2019-08-10,2019,8,"August",10,75,83,66,NA,NA,NA,"",""
2019-08-11,2019,8,"August",11,73,82,64,NA,NA,NA,"",""
2019-08-12,2019,8,"August",12,76,85,67,NA,NA,NA,"",""
2019-08-13,2019,8,"August",13,75,77,73,NA,NA,NA,"",""
2019-08-14,2019,8,"August",14,75,80,70,NA,NA,NA,"",""
2019-08-15,2019,8,"August",15,74,80,68,NA,NA,NA,"",""
2019-08-16,2019,8,"August",16,73,79,67,NA,NA,NA,"",""
2019-08-17,2019,8,"August",17,79,84,73,NA,NA,NA,"",""
2019-08-18,2019,8,"August",18,80,87,73,NA,NA,NA,"",""
2019-08-19,2019,8,"August",19,79,86,72,NA,NA,NA,"",""
2019-08-20,2019,8,"August",20,80,86,74,NA,NA,NA,"",""
2019-08-21,2019,8,"August",21,81,88,74,NA,NA,NA,"",""
2019-08-22,2019,8,"August",22,79,89,69,NA,NA,NA,"",""
2019-08-23,2019,8,"August",23,71,75,66,NA,NA,NA,"",""
2019-08-24,2019,8,"August",24,71,78,63,NA,NA,NA,"",""
2019-08-25,2019,8,"August",25,70,77,62,NA,NA,NA,"",""
2019-08-26,2019,8,"August",26,67,73,60,NA,NA,NA,"",""
2019-08-27,2019,8,"August",27,66,72,60,NA,NA,NA,"",""
2019-08-28,2019,8,"August",28,74,83,65,NA,NA,NA,"",""
2019-08-29,2019,8,"August",29,75,83,67,NA,NA,NA,"",""
2019-08-30,2019,8,"August",30,75,85,64,NA,NA,NA,"",""
2019-08-31,2019,8,"August",31,74,82,66,NA,NA,NA,"",""
2019-08-31,2019,8,"August",31,NA,NA,NA,82.4,75.3,68.3,"",""
2019-09-01,2019,9,"September",1,69,76,62,NA,NA,NA,"",""
2019-09-02,2019,9,"September",2,73,77,68,NA,NA,NA,"",""
2019-09-03,2019,9,"September",3,74,81,67,NA,NA,NA,"",""
2019-09-04,2019,9,"September",4,74,81,67,NA,NA,NA,"",""
2019-09-05,2019,9,"September",5,69,74,64,NA,NA,NA,"",""
2019-09-06,2019,9,"September",6,63,67,59,NA,NA,NA,"",""
2019-09-07,2019,9,"September",7,67,76,57,NA,NA,NA,"",""
2019-09-08,2019,9,"September",8,70,77,63,NA,NA,NA,"",""
2019-09-09,2019,9,"September",9,71,77,64,NA,NA,NA,"",""
2019-09-10,2019,9,"September",10,71,76,65,NA,NA,NA,"",""
2019-09-11,2019,9,"September",11,76,84,68,NA,NA,NA,"",""
2019-09-12,2019,9,"September",12,72,82,62,NA,NA,NA,"",""
2019-09-13,2019,9,"September",13,64,71,57,NA,NA,NA,"",""
2019-09-14,2019,9,"September",14,70,76,63,NA,NA,NA,"",""
2019-09-15,2019,9,"September",15,75,81,69,NA,NA,NA,"",""
2019-09-16,2019,9,"September",16,72,78,65,NA,NA,NA,"",""
2019-09-17,2019,9,"September",17,68,77,59,NA,NA,NA,"",""
2019-09-18,2019,9,"September",18,63,71,55,NA,NA,NA,"",""
2019-09-19,2019,9,"September",19,59,68,49,NA,NA,NA,"",""
2019-09-20,2019,9,"September",20,67,78,55,NA,NA,NA,"",""
2019-09-21,2019,9,"September",21,70,80,59,NA,NA,NA,"",""
2019-09-22,2019,9,"September",22,72,79,64,NA,NA,NA,"",""
2019-09-23,2019,9,"September",23,76,82,69,NA,NA,NA,"",""
2019-09-24,2019,9,"September",24,71,78,63,NA,NA,NA,"",""
2019-09-25,2019,9,"September",25,67,76,57,NA,NA,NA,"",""
2019-09-26,2019,9,"September",26,70,78,61,NA,NA,NA,"",""
2019-09-27,2019,9,"September",27,65,74,56,NA,NA,NA,"",""
2019-09-28,2019,9,"September",28,70,77,63,NA,NA,NA,"",""
2019-09-29,2019,9,"September",29,73,81,65,NA,NA,NA,"",""
2019-09-30,2019,9,"September",30,67,71,62,NA,NA,NA,"",""
2019-09-30,2019,9,"September",30,NA,NA,NA,76.8,69.4,61.9,"",""
2019-10-01,2019,10,"October",1,70,78,62,NA,NA,NA,"",""
2019-10-02,2019,10,"October",2,80,95,64,NA,NA,NA,"",""
2019-10-03,2019,10,"October",3,59,64,53,NA,NA,NA,"",""
2019-10-04,2019,10,"October",4,59,68,50,NA,NA,NA,"",""
2019-10-05,2019,10,"October",5,52,59,45,NA,NA,NA,"",""
2019-10-06,2019,10,"October",6,64,69,58,NA,NA,NA,"",""
2019-10-07,2019,10,"October",7,68,76,60,NA,NA,NA,"",""
2019-10-08,2019,10,"October",8,61,64,58,NA,NA,NA,"",""
2019-10-09,2019,10,"October",9,57,60,53,NA,NA,NA,"",""
2019-10-10,2019,10,"October",10,63,72,53,NA,NA,NA,"",""
2019-10-11,2019,10,"October",11,60,64,55,NA,NA,NA,"",""
2019-10-12,2019,10,"October",12,62,68,55,NA,NA,NA,"",""
2019-10-13,2019,10,"October",13,59,65,53,NA,NA,NA,"",""
2019-10-14,2019,10,"October",14,63,70,55,NA,NA,NA,"",""
2019-10-15,2019,10,"October",15,57,64,49,NA,NA,NA,"",""
2019-10-16,2019,10,"October",16,57,66,48,NA,NA,NA,"",""
2019-10-17,2019,10,"October",17,56,59,52,NA,NA,NA,"",""
2019-10-18,2019,10,"October",18,54,61,46,NA,NA,NA,"",""
2019-10-19,2019,10,"October",19,50,59,40,NA,NA,NA,"",""
2019-10-20,2019,10,"October",20,53,61,44,NA,NA,NA,"",""
2019-10-21,2019,10,"October",21,60,68,51,NA,NA,NA,"",""
2019-10-22,2019,10,"October",22,59,64,53,NA,NA,NA,"",""
2019-10-23,2019,10,"October",23,61,67,54,NA,NA,NA,"",""
2019-10-24,2019,10,"October",24,55,65,45,NA,NA,NA,"",""
2019-10-25,2019,10,"October",25,55,63,46,NA,NA,NA,"",""
2019-10-26,2019,10,"October",26,57,64,50,NA,NA,NA,"",""
2019-10-27,2019,10,"October",27,61,69,53,NA,NA,NA,"",""
2019-10-28,2019,10,"October",28,58,65,51,NA,NA,NA,"",""
2019-10-29,2019,10,"October",29,57,61,52,NA,NA,NA,"",""
2019-10-30,2019,10,"October",30,62,65,58,NA,NA,NA,"",""
2019-10-31,2019,10,"October",31,65,68,61,NA,NA,NA,"",""
2019-10-31,2019,10,"October",31,NA,NA,NA,66.5,59.5,52.5,"",""
2019-11-01,2019,11,"November",1,56,68,43,NA,NA,NA,"",""
2019-11-02,2019,11,"November",2,45,52,37,NA,NA,NA,"",""
2019-11-03,2019,11,"November",3,50,56,43,NA,NA,NA,"",""
2019-11-04,2019,11,"November",4,45,56,34,NA,NA,NA,"",""
2019-11-05,2019,11,"November",5,57,63,50,NA,NA,NA,"",""
2019-11-06,2019,11,"November",6,50,56,44,NA,NA,NA,"",""
2019-11-07,2019,11,"November",7,49,57,41,NA,NA,NA,"",""
2019-11-08,2019,11,"November",8,35,41,29,NA,NA,NA,"",""
2019-11-09,2019,11,"November",9,33,41,25,NA,NA,NA,"",""
2019-11-10,2019,11,"November",10,45,52,37,NA,NA,NA,"",""
2019-11-11,2019,11,"November",11,50,58,41,NA,NA,NA,"",""
2019-11-12,2019,11,"November",12,41,56,25,NA,NA,NA,"",""
2019-11-13,2019,11,"November",13,29,35,23,NA,NA,NA,"",""
2019-11-14,2019,11,"November",14,35,46,24,NA,NA,NA,"",""
2019-11-15,2019,11,"November",15,43,51,34,NA,NA,NA,"",""
2019-11-16,2019,11,"November",16,37,42,32,NA,NA,NA,"",""
2019-11-17,2019,11,"November",17,38,44,31,NA,NA,NA,"",""
2019-11-18,2019,11,"November",18,41,43,38,NA,NA,NA,"",""
2019-11-19,2019,11,"November",19,46,51,41,NA,NA,NA,"",""
2019-11-20,2019,11,"November",20,45,48,41,NA,NA,NA,"",""
2019-11-21,2019,11,"November",21,44,53,34,NA,NA,NA,"",""
2019-11-22,2019,11,"November",22,45,52,38,NA,NA,NA,"",""
2019-11-23,2019,11,"November",23,40,45,34,NA,NA,NA,"",""
2019-11-24,2019,11,"November",24,45,49,41,NA,NA,NA,"",""
2019-11-25,2019,11,"November",25,46,52,39,NA,NA,NA,"",""
2019-11-26,2019,11,"November",26,48,56,39,NA,NA,NA,"",""
2019-11-27,2019,11,"November",27,50,56,44,NA,NA,NA,"",""
2019-11-28,2019,11,"November",28,45,53,37,NA,NA,NA,"",""
2019-11-29,2019,11,"November",29,36,41,30,NA,NA,NA,"",""
2019-11-30,2019,11,"November",30,37,44,30,NA,NA,NA,"",""
2019-11-30,2019,11,"November",30,NA,NA,NA,50.6,43.3,36,"",""
2019-12-01,2019,12,"December",1,35,41,29,NA,NA,NA,"",""
2019-12-02,2019,12,"December",2,36,40,31,NA,NA,NA,"",""
2019-12-03,2019,12,"December",3,35,38,31,NA,NA,NA,"",""
2019-12-04,2019,12,"December",4,36,39,33,NA,NA,NA,"",""
2019-12-05,2019,12,"December",5,40,44,36,NA,NA,NA,"",""
2019-12-06,2019,12,"December",6,42,50,34,NA,NA,NA,"",""
2019-12-07,2019,12,"December",7,35,40,29,NA,NA,NA,"",""
2019-12-08,2019,12,"December",8,34,45,23,NA,NA,NA,"",""
2019-12-09,2019,12,"December",9,48,54,42,NA,NA,NA,"",""
2019-12-10,2019,12,"December",10,49,57,40,NA,NA,NA,"",""
2019-12-11,2019,12,"December",11,36,40,31,NA,NA,NA,"",""
2019-12-12,2019,12,"December",12,31,35,26,NA,NA,NA,"",""
2019-12-13,2019,12,"December",13,43,54,31,NA,NA,NA,"",""
2019-12-14,2019,12,"December",14,50,56,44,NA,NA,NA,"",""
2019-12-15,2019,12,"December",15,44,50,37,NA,NA,NA,"",""
2019-12-16,2019,12,"December",16,35,37,33,NA,NA,NA,"",""
2019-12-17,2019,12,"December",17,34,36,32,NA,NA,NA,"",""
2019-12-18,2019,12,"December",18,31,39,22,NA,NA,NA,"",""
2019-12-19,2019,12,"December",19,22,26,17,NA,NA,NA,"",""
2019-12-20,2019,12,"December",20,29,34,23,NA,NA,NA,"",""
2019-12-21,2019,12,"December",21,30,37,22,NA,NA,NA,"",""
2019-12-22,2019,12,"December",22,37,45,28,NA,NA,NA,"",""
2019-12-23,2019,12,"December",23,43,53,33,NA,NA,NA,"",""
2019-12-24,2019,12,"December",24,41,49,33,NA,NA,NA,"",""
2019-12-25,2019,12,"December",25,38,47,29,NA,NA,NA,"",""
2019-12-26,2019,12,"December",26,40,47,32,NA,NA,NA,"",""
2019-12-27,2019,12,"December",27,48,52,44,NA,NA,NA,"",""
2019-12-28,2019,12,"December",28,45,52,37,NA,NA,NA,"",""
2019-12-29,2019,12,"December",29,39,44,33,NA,NA,NA,"",""
2019-12-30,2019,12,"December",30,41,44,38,NA,NA,NA,"",""
2019-12-31,2019,12,"December",31,41,44,38,NA,NA,NA,"",""
2019-12-31,2019,12,"December",31,NA,NA,NA,44.2,38.1,32,"",""
2020-01-01,2020,1,"January",1,38,42,34,NA,NA,NA,"",""
2020-01-02,2020,1,"January",2,40,48,31,NA,NA,NA,"",""
2020-01-03,2020,1,"January",3,45,48,42,NA,NA,NA,"",""
2020-01-04,2020,1,"January",4,47,51,43,NA,NA,NA,"",""
2020-01-05,2020,1,"January",5,42,49,35,NA,NA,NA,"",""
2020-01-06,2020,1,"January",6,39,45,32,NA,NA,NA,"",""
2020-01-07,2020,1,"January",7,40,44,35,NA,NA,NA,"",""
2020-01-08,2020,1,"January",8,36,43,28,NA,NA,NA,"",""
2020-01-09,2020,1,"January",9,29,34,24,NA,NA,NA,"",""
2020-01-10,2020,1,"January",10,42,51,32,NA,NA,NA,"",""
2020-01-11,2020,1,"January",11,52,57,46,NA,NA,NA,"",""
2020-01-12,2020,1,"January",12,56,68,43,NA,NA,NA,"",""
2020-01-13,2020,1,"January",13,42,48,35,NA,NA,NA,"",""
2020-01-14,2020,1,"January",14,42,46,37,NA,NA,NA,"",""
2020-01-15,2020,1,"January",15,46,52,40,NA,NA,NA,"",""
2020-01-16,2020,1,"January",16,42,50,34,NA,NA,NA,"",""
2020-01-17,2020,1,"January",17,28,34,22,NA,NA,NA,"",""
2020-01-18,2020,1,"January",18,30,39,20,NA,NA,NA,"",""
2020-01-19,2020,1,"January",19,38,46,29,NA,NA,NA,"",""
2020-01-20,2020,1,"January",20,27,33,20,NA,NA,NA,"",""
2020-01-21,2020,1,"January",21,27,34,19,NA,NA,NA,"",""
2020-01-22,2020,1,"January",22,30,38,22,NA,NA,NA,"",""
2020-01-23,2020,1,"January",23,35,44,26,NA,NA,NA,"",""
2020-01-24,2020,1,"January",24,42,53,30,NA,NA,NA,"",""
2020-01-25,2020,1,"January",25,44,50,37,NA,NA,NA,"",""
2020-01-26,2020,1,"January",26,42,48,36,NA,NA,NA,"",""
2020-01-27,2020,1,"January",27,40,45,35,NA,NA,NA,"",""
2020-01-28,2020,1,"January",28,41,45,37,NA,NA,NA,"",""
2020-01-29,2020,1,"January",29,35,41,29,NA,NA,NA,"",""
2020-01-30,2020,1,"January",30,31,37,24,NA,NA,NA,"",""
2020-01-31,2020,1,"January",31,39,45,32,NA,NA,NA,"",""
2020-01-31,2020,1,"January",31,NA,NA,NA,45.4,38.7,31.9,"",""
2020-02-01,2020,2,"February",1,39,43,35,NA,NA,NA,"",""
2020-02-02,2020,2,"February",2,37,44,29,NA,NA,NA,"",""
2020-02-03,2020,2,"February",3,46,55,36,NA,NA,NA,"",""
2020-02-04,2020,2,"February",4,46,53,39,NA,NA,NA,"",""
2020-02-05,2020,2,"February",5,45,51,39,NA,NA,NA,"",""
2020-02-06,2020,2,"February",6,40,43,37,NA,NA,NA,"",""
2020-02-07,2020,2,"February",7,44,54,33,NA,NA,NA,"",""
2020-02-08,2020,2,"February",8,37,43,30,NA,NA,NA,"",""
2020-02-09,2020,2,"February",9,38,47,29,NA,NA,NA,"",""
2020-02-10,2020,2,"February",10,45,47,42,NA,NA,NA,"",""
2020-02-11,2020,2,"February",11,46,49,43,NA,NA,NA,"",""
2020-02-12,2020,2,"February",12,42,45,38,NA,NA,NA,"",""
2020-02-13,2020,2,"February",13,40,44,36,NA,NA,NA,"",""
2020-02-14,2020,2,"February",14,30,40,19,NA,NA,NA,"",""
2020-02-15,2020,2,"February",15,22,30,14,NA,NA,NA,"",""
2020-02-16,2020,2,"February",16,38,45,30,NA,NA,NA,"",""
2020-02-17,2020,2,"February",17,43,51,34,NA,NA,NA,"",""
2020-02-18,2020,2,"February",18,43,49,36,NA,NA,NA,"",""
2020-02-19,2020,2,"February",19,42,51,33,NA,NA,NA,"",""
2020-02-20,2020,2,"February",20,32,37,26,NA,NA,NA,"",""
2020-02-21,2020,2,"February",21,28,36,20,NA,NA,NA,"",""
2020-02-22,2020,2,"February",22,40,50,30,NA,NA,NA,"",""
2020-02-23,2020,2,"February",23,42,54,30,NA,NA,NA,"",""
2020-02-24,2020,2,"February",24,44,54,34,NA,NA,NA,"",""
2020-02-25,2020,2,"February",25,46,49,42,NA,NA,NA,"",""
2020-02-26,2020,2,"February",26,46,48,43,NA,NA,NA,"",""
2020-02-27,2020,2,"February",27,40,48,31,NA,NA,NA,"",""
2020-02-28,2020,2,"February",28,36,42,29,NA,NA,NA,"",""
2020-02-29,2020,2,"February",29,32,37,26,NA,NA,NA,"",""
2020-02-29,2020,2,"February",29,NA,NA,NA,46.2,39.3,32.5,"",""
2020-03-01,2020,3,"March",1,35,44,25,NA,NA,NA,"",""
2020-03-02,2020,3,"March",2,42,51,32,NA,NA,NA,"",""
2020-03-03,2020,3,"March",3,48,53,42,NA,NA,NA,"",""
2020-03-04,2020,3,"March",4,51,57,44,NA,NA,NA,"",""
2020-03-05,2020,3,"March",5,45,50,39,NA,NA,NA,"",""
2020-03-06,2020,3,"March",6,40,47,33,NA,NA,NA,"",""
2020-03-07,2020,3,"March",7,42,48,36,NA,NA,NA,"",""
2020-03-08,2020,3,"March",8,45,57,33,NA,NA,NA,"",""
2020-03-09,2020,3,"March",9,52,64,39,NA,NA,NA,"",""
2020-03-10,2020,3,"March",10,54,64,43,NA,NA,NA,"",""
2020-03-11,2020,3,"March",11,49,57,41,NA,NA,NA,"",""
2020-03-12,2020,3,"March",12,42,47,37,NA,NA,NA,"",""
2020-03-13,2020,3,"March",13,59,71,46,NA,NA,NA,"",""
2020-03-14,2020,3,"March",14,50,57,43,NA,NA,NA,"",""
2020-03-15,2020,3,"March",15,47,54,40,NA,NA,NA,"",""
2020-03-16,2020,3,"March",16,39,45,32,NA,NA,NA,"",""
2020-03-17,2020,3,"March",17,48,54,41,NA,NA,NA,"",""
2020-03-18,2020,3,"March",18,45,50,40,NA,NA,NA,"",""
2020-03-19,2020,3,"March",19,48,53,43,NA,NA,NA,"",""
2020-03-20,2020,3,"March",20,55,73,36,NA,NA,NA,"",""
2020-03-21,2020,3,"March",21,54,67,40,NA,NA,NA,"",""
2020-03-22,2020,3,"March",22,39,44,34,NA,NA,NA,"",""
2020-03-23,2020,3,"March",23,42,46,37,NA,NA,NA,"",""
2020-03-24,2020,3,"March",24,45,54,36,NA,NA,NA,"",""
2020-03-25,2020,3,"March",25,44,48,39,NA,NA,NA,"",""
2020-03-26,2020,3,"March",26,46,55,36,NA,NA,NA,"",""
2020-03-27,2020,3,"March",27,57,68,46,NA,NA,NA,"",""
2020-03-28,2020,3,"March",28,48,50,46,NA,NA,NA,"",""
2020-03-29,2020,3,"March",29,48,51,45,NA,NA,NA,"",""
2020-03-30,2020,3,"March",30,46,49,42,NA,NA,NA,"",""
2020-03-31,2020,3,"March",31,43,45,41,NA,NA,NA,"",""
2020-03-31,2020,3,"March",31,NA,NA,NA,54,46.5,38.9,"",""
2020-04-01,2020,4,"April",1,47,56,37,NA,NA,NA,"",""
2020-04-02,2020,4,"April",2,49,60,38,NA,NA,NA,"",""
2020-04-03,2020,4,"April",3,48,52,44,NA,NA,NA,"",""
2020-04-04,2020,4,"April",4,51,58,44,NA,NA,NA,"",""
2020-04-05,2020,4,"April",5,50,58,42,NA,NA,NA,"",""
2020-04-06,2020,4,"April",6,55,63,46,NA,NA,NA,"",""
2020-04-07,2020,4,"April",7,56,63,48,NA,NA,NA,"",""
2020-04-08,2020,4,"April",8,55,64,45,NA,NA,NA,"",""
2020-04-09,2020,4,"April",9,50,58,42,NA,NA,NA,"",""
2020-04-10,2020,4,"April",10,44,49,38,NA,NA,NA,"",""
2020-04-11,2020,4,"April",11,47,55,38,NA,NA,NA,"",""
2020-04-12,2020,4,"April",12,46,58,34,NA,NA,NA,"",""
2020-04-13,2020,4,"April",13,59,66,51,NA,NA,NA,"",""
2020-04-14,2020,4,"April",14,52,57,47,NA,NA,NA,"",""
2020-04-15,2020,4,"April",15,48,54,42,NA,NA,NA,"",""
2020-04-16,2020,4,"April",16,44,50,38,NA,NA,NA,"",""
2020-04-17,2020,4,"April",17,43,50,36,NA,NA,NA,"",""
2020-04-18,2020,4,"April",18,44,47,40,NA,NA,NA,"",""
2020-04-19,2020,4,"April",19,48,59,36,NA,NA,NA,"",""
2020-04-20,2020,4,"April",20,49,55,43,NA,NA,NA,"",""
2020-04-21,2020,4,"April",21,48,56,39,NA,NA,NA,"",""
2020-04-22,2020,4,"April",22,44,52,36,NA,NA,NA,"",""
2020-04-23,2020,4,"April",23,44,48,39,NA,NA,NA,"",""
2020-04-24,2020,4,"April",24,47,50,43,NA,NA,NA,"",""
2020-04-25,2020,4,"April",25,50,61,39,NA,NA,NA,"",""
2020-04-26,2020,4,"April",26,47,51,43,NA,NA,NA,"",""
2020-04-27,2020,4,"April",27,45,50,39,NA,NA,NA,"",""
2020-04-28,2020,4,"April",28,52,64,40,NA,NA,NA,"",""
2020-04-29,2020,4,"April",29,49,55,42,NA,NA,NA,"",""
2020-04-30,2020,4,"April",30,54,58,49,NA,NA,NA,"",""
2020-04-30,2020,4,"April",30,NA,NA,NA,55.9,48.6,41.3,"",""
2020-05-01,2020,5,"May",1,57,62,51,NA,NA,NA,"",""
2020-05-02,2020,5,"May",2,62,74,50,NA,NA,NA,"",""
2020-05-03,2020,5,"May",3,63,73,53,NA,NA,NA,"",""
2020-05-04,2020,5,"May",4,60,71,49,NA,NA,NA,"",""
2020-05-05,2020,5,"May",5,55,63,47,NA,NA,NA,"",""
2020-05-06,2020,5,"May",6,50,55,44,NA,NA,NA,"",""
2020-05-07,2020,5,"May",7,55,66,44,NA,NA,NA,"",""
2020-05-08,2020,5,"May",8,49,59,39,NA,NA,NA,"",""
2020-05-09,2020,5,"May",9,42,49,34,NA,NA,NA,"",""
2020-05-10,2020,5,"May",10,52,64,39,NA,NA,NA,"",""
2020-05-11,2020,5,"May",11,53,61,45,NA,NA,NA,"",""
2020-05-12,2020,5,"May",12,52,61,43,NA,NA,NA,"",""
2020-05-13,2020,5,"May",13,52,62,41,NA,NA,NA,"",""
2020-05-14,2020,5,"May",14,51,61,40,NA,NA,NA,"",""
2020-05-15,2020,5,"May",15,67,78,55,NA,NA,NA,"",""
2020-05-16,2020,5,"May",16,66,76,55,NA,NA,NA,"",""
2020-05-17,2020,5,"May",17,58,64,52,NA,NA,NA,"",""
2020-05-18,2020,5,"May",18,61,69,53,NA,NA,NA,"",""
2020-05-19,2020,5,"May",19,60,70,50,NA,NA,NA,"",""
2020-05-20,2020,5,"May",20,54,63,45,NA,NA,NA,"",""
2020-05-21,2020,5,"May",21,52,61,42,NA,NA,NA,"",""
2020-05-22,2020,5,"May",22,63,73,52,NA,NA,NA,"",""
2020-05-23,2020,5,"May",23,62,70,54,NA,NA,NA,"",""
2020-05-24,2020,5,"May",24,58,65,51,NA,NA,NA,"",""
2020-05-25,2020,5,"May",25,58,66,49,NA,NA,NA,"",""
2020-05-26,2020,5,"May",26,63,69,57,NA,NA,NA,"",""
2020-05-27,2020,5,"May",27,65,72,57,NA,NA,NA,"",""
2020-05-28,2020,5,"May",28,67,73,60,NA,NA,NA,"",""
2020-05-29,2020,5,"May",29,67,73,61,NA,NA,NA,"",""
2020-05-30,2020,5,"May",30,72,83,61,NA,NA,NA,"",""
2020-05-31,2020,5,"May",31,65,73,56,NA,NA,NA,"",""
2020-05-31,2020,5,"May",31,NA,NA,NA,67.1,58.2,49.3,"",""
2020-06-01,2020,6,"June",1,62,72,51,NA,NA,NA,"",""
2020-06-02,2020,6,"June",2,65,75,54,NA,NA,NA,"",""
2020-06-03,2020,6,"June",3,70,80,60,NA,NA,NA,"",""
2020-06-04,2020,6,"June",4,73,83,63,NA,NA,NA,"",""
2020-06-05,2020,6,"June",5,71,78,64,NA,NA,NA,"",""
2020-06-06,2020,6,"June",6,75,86,63,NA,NA,NA,"",""
2020-06-07,2020,6,"June",7,71,78,63,NA,NA,NA,"",""
2020-06-08,2020,6,"June",8,69,78,60,NA,NA,NA,"",""
2020-06-09,2020,6,"June",9,72,81,62,NA,NA,NA,"",""
2020-06-10,2020,6,"June",10,72,79,64,NA,NA,NA,"",""
2020-06-11,2020,6,"June",11,69,74,63,NA,NA,NA,"",""
2020-06-12,2020,6,"June",12,74,83,65,NA,NA,NA,"",""
2020-06-13,2020,6,"June",13,66,73,59,NA,NA,NA,"",""
2020-06-14,2020,6,"June",14,63,71,54,NA,NA,NA,"",""
2020-06-15,2020,6,"June",15,65,73,56,NA,NA,NA,"",""
2020-06-16,2020,6,"June",16,67,76,58,NA,NA,NA,"",""
2020-06-17,2020,6,"June",17,69,80,58,NA,NA,NA,"",""
2020-06-18,2020,6,"June",18,69,75,62,NA,NA,NA,"",""
2020-06-19,2020,6,"June",19,71,78,64,NA,NA,NA,"",""
2020-06-20,2020,6,"June",20,73,82,64,NA,NA,NA,"",""
2020-06-21,2020,6,"June",21,74,82,66,NA,NA,NA,"",""
2020-06-22,2020,6,"June",22,78,87,69,NA,NA,NA,"",""
2020-06-23,2020,6,"June",23,75,82,68,NA,NA,NA,"",""
2020-06-24,2020,6,"June",24,80,88,71,NA,NA,NA,"",""
2020-06-25,2020,6,"June",25,77,85,68,NA,NA,NA,"",""
2020-06-26,2020,6,"June",26,77,86,67,NA,NA,NA,"",""
2020-06-27,2020,6,"June",27,74,80,67,NA,NA,NA,"",""
2020-06-28,2020,6,"June",28,77,86,68,NA,NA,NA,"",""
2020-06-29,2020,6,"June",29,79,89,68,NA,NA,NA,"",""
2020-06-30,2020,6,"June",30,74,81,67,NA,NA,NA,"",""
2020-06-30,2020,6,"June",30,NA,NA,NA,80,71.5,62.9,"",""
2020-07-01,2020,7,"July",1,73,80,66,NA,NA,NA,"",""
2020-07-02,2020,7,"July",2,78,90,65,NA,NA,NA,"",""
2020-07-03,2020,7,"July",3,81,91,70,NA,NA,NA,"",""
2020-07-04,2020,7,"July",4,77,85,68,NA,NA,NA,"",""
2020-07-05,2020,7,"July",5,80,88,71,NA,NA,NA,"",""
2020-07-06,2020,7,"July",6,81,91,71,NA,NA,NA,"",""
2020-07-07,2020,7,"July",7,77,82,71,NA,NA,NA,"",""
2020-07-08,2020,7,"July",8,79,84,74,NA,NA,NA,"",""
2020-07-09,2020,7,"July",9,80,86,73,NA,NA,NA,"",""
2020-07-10,2020,7,"July",10,76,79,73,NA,NA,NA,"",""
2020-07-11,2020,7,"July",11,78,82,74,NA,NA,NA,"",""
2020-07-12,2020,7,"July",12,82,90,73,NA,NA,NA,"",""
2020-07-13,2020,7,"July",13,80,88,72,NA,NA,NA,"",""
2020-07-14,2020,7,"July",14,80,88,72,NA,NA,NA,"",""
2020-07-15,2020,7,"July",15,74,78,70,NA,NA,NA,"",""
2020-07-16,2020,7,"July",16,72,76,68,NA,NA,NA,"",""
2020-07-17,2020,7,"July",17,75,81,69,NA,NA,NA,"",""
2020-07-18,2020,7,"July",18,80,89,71,NA,NA,NA,"",""
2020-07-19,2020,7,"July",19,81,88,74,NA,NA,NA,"",""
2020-07-20,2020,7,"July",20,87,97,77,NA,NA,NA,"",""
2020-07-21,2020,7,"July",21,83,90,76,NA,NA,NA,"",""
2020-07-22,2020,7,"July",22,82,90,73,NA,NA,NA,"",""
2020-07-23,2020,7,"July",23,80,85,74,NA,NA,NA,"",""
2020-07-24,2020,7,"July",24,76,79,72,NA,NA,NA,"",""
2020-07-25,2020,7,"July",25,78,85,71,NA,NA,NA,"",""
2020-07-26,2020,7,"July",26,85,93,76,NA,NA,NA,"",""
2020-07-27,2020,7,"July",27,85,94,76,NA,NA,NA,"",""
2020-07-28,2020,7,"July",28,86,93,79,NA,NA,NA,"",""
2020-07-29,2020,7,"July",29,81,86,75,NA,NA,NA,"",""
2020-07-30,2020,7,"July",30,81,88,74,NA,NA,NA,"",""
2020-07-31,2020,7,"July",31,76,82,70,NA,NA,NA,"",""
2020-07-31,2020,7,"July",31,NA,NA,NA,86.4,79.3,72.2,"",""
2020-08-01,2020,8,"August",1,79,86,71,NA,NA,NA,"",""
2020-08-02,2020,8,"August",2,81,85,76,NA,NA,NA,"",""
2020-08-03,2020,8,"August",3,80,88,71,NA,NA,NA,"",""
2020-08-04,2020,8,"August",4,77,82,72,NA,NA,NA,"",""
2020-08-05,2020,8,"August",5,79,88,70,NA,NA,NA,"",""
2020-08-06,2020,8,"August",6,74,79,69,NA,NA,NA,"",""
2020-08-07,2020,8,"August",7,74,80,68,NA,NA,NA,"",""
2020-08-08,2020,8,"August",8,77,83,71,NA,NA,NA,"",""
2020-08-09,2020,8,"August",9,76,82,70,NA,NA,NA,"",""
2020-08-10,2020,8,"August",10,81,87,74,NA,NA,NA,"",""
2020-08-11,2020,8,"August",11,78,83,72,NA,NA,NA,"",""
2020-08-12,2020,8,"August",12,80,86,74,NA,NA,NA,"",""
2020-08-13,2020,8,"August",13,77,80,74,NA,NA,NA,"",""
2020-08-14,2020,8,"August",14,79,86,72,NA,NA,NA,"",""
2020-08-15,2020,8,"August",15,78,85,70,NA,NA,NA,"",""
2020-08-16,2020,8,"August",16,69,71,67,NA,NA,NA,"",""
2020-08-17,2020,8,"August",17,71,78,63,NA,NA,NA,"",""
2020-08-18,2020,8,"August",18,73,84,62,NA,NA,NA,"",""
2020-08-19,2020,8,"August",19,71,76,66,NA,NA,NA,"",""
2020-08-20,2020,8,"August",20,71,79,62,NA,NA,NA,"",""
2020-08-21,2020,8,"August",21,76,82,69,NA,NA,NA,"",""
2020-08-22,2020,8,"August",22,80,86,73,NA,NA,NA,"",""
2020-08-23,2020,8,"August",23,77,83,70,NA,NA,NA,"",""
2020-08-24,2020,8,"August",24,81,88,73,NA,NA,NA,"",""
2020-08-25,2020,8,"August",25,82,92,72,NA,NA,NA,"",""
2020-08-26,2020,8,"August",26,75,81,68,NA,NA,NA,"",""
2020-08-27,2020,8,"August",27,80,92,68,NA,NA,NA,"",""
2020-08-28,2020,8,"August",28,79,87,71,NA,NA,NA,"",""
2020-08-29,2020,8,"August",29,76,79,72,NA,NA,NA,"",""
2020-08-30,2020,8,"August",30,73,82,63,NA,NA,NA,"",""
2020-08-31,2020,8,"August",31,68,75,60,NA,NA,NA,"",""
2020-08-31,2020,8,"August",31,NA,NA,NA,83.1,76.3,69.5,"",""
2020-09-01,2020,9,"September",1,73,79,67,NA,NA,NA,"",""
2020-09-02,2020,9,"September",2,75,80,70,NA,NA,NA,"",""
2020-09-03,2020,9,"September",3,80,86,73,NA,NA,NA,"",""
2020-09-04,2020,9,"September",4,79,88,69,NA,NA,NA,"",""
2020-09-05,2020,9,"September",5,71,78,64,NA,NA,NA,"",""
2020-09-06,2020,9,"September",6,72,80,63,NA,NA,NA,"",""
2020-09-07,2020,9,"September",7,71,79,63,NA,NA,NA,"",""
2020-09-08,2020,9,"September",8,71,79,63,NA,NA,NA,"",""
2020-09-09,2020,9,"September",9,73,79,67,NA,NA,NA,"",""
2020-09-10,2020,9,"September",10,77,81,73,NA,NA,NA,"",""
2020-09-11,2020,9,"September",11,71,76,65,NA,NA,NA,"",""
2020-09-12,2020,9,"September",12,65,71,59,NA,NA,NA,"",""
2020-09-13,2020,9,"September",13,68,75,60,NA,NA,NA,"",""
2020-09-14,2020,9,"September",14,68,76,59,NA,NA,NA,"",""
2020-09-15,2020,9,"September",15,62,70,53,NA,NA,NA,"",""
2020-09-16,2020,9,"September",16,64,72,55,NA,NA,NA,"",""
2020-09-17,2020,9,"September",17,69,74,64,NA,NA,NA,"",""
2020-09-18,2020,9,"September",18,64,72,55,NA,NA,NA,"",""
2020-09-19,2020,9,"September",19,58,66,49,NA,NA,NA,"",""
2020-09-20,2020,9,"September",20,57,65,49,NA,NA,NA,"",""
2020-09-21,2020,9,"September",21,57,67,46,NA,NA,NA,"",""
2020-09-22,2020,9,"September",22,61,74,47,NA,NA,NA,"",""
2020-09-23,2020,9,"September",23,69,82,56,NA,NA,NA,"",""
2020-09-24,2020,9,"September",24,66,76,56,NA,NA,NA,"",""
2020-09-25,2020,9,"September",25,67,75,58,NA,NA,NA,"",""
2020-09-26,2020,9,"September",26,69,76,62,NA,NA,NA,"",""
2020-09-27,2020,9,"September",27,73,79,66,NA,NA,NA,"",""
2020-09-28,2020,9,"September",28,73,77,68,NA,NA,NA,"",""
2020-09-29,2020,9,"September",29,70,72,67,NA,NA,NA,"",""
2020-09-30,2020,9,"September",30,67,72,61,NA,NA,NA,"",""
2020-09-30,2020,9,"September",30,NA,NA,NA,75.9,68.4,60.9,"",""
2020-10-01,2020,10,"October",1,68,75,60,NA,NA,NA,"",""
2020-10-02,2020,10,"October",2,62,68,55,NA,NA,NA,"",""
2020-10-03,2020,10,"October",3,60,68,51,NA,NA,NA,"",""
2020-10-04,2020,10,"October",4,58,69,47,NA,NA,NA,"",""
2020-10-05,2020,10,"October",5,62,70,53,NA,NA,NA,"",""
2020-10-06,2020,10,"October",6,63,70,56,NA,NA,NA,"",""
2020-10-07,2020,10,"October",7,69,78,59,NA,NA,NA,"",""
2020-10-08,2020,10,"October",8,60,67,52,NA,NA,NA,"",""
2020-10-09,2020,10,"October",9,58,68,48,NA,NA,NA,"",""
2020-10-10,2020,10,"October",10,65,71,59,NA,NA,NA,"",""
2020-10-11,2020,10,"October",11,63,69,57,NA,NA,NA,"",""
2020-10-12,2020,10,"October",12,54,57,50,NA,NA,NA,"",""
2020-10-13,2020,10,"October",13,59,61,56,NA,NA,NA,"",""
2020-10-14,2020,10,"October",14,60,69,51,NA,NA,NA,"",""
2020-10-15,2020,10,"October",15,63,70,55,NA,NA,NA,"",""
2020-10-16,2020,10,"October",16,57,65,48,NA,NA,NA,"",""
2020-10-17,2020,10,"October",17,54,62,45,NA,NA,NA,"",""
2020-10-18,2020,10,"October",18,53,63,42,NA,NA,NA,"",""
2020-10-19,2020,10,"October",19,58,67,49,NA,NA,NA,"",""
2020-10-20,2020,10,"October",20,64,70,57,NA,NA,NA,"",""
2020-10-21,2020,10,"October",21,64,68,60,NA,NA,NA,"",""
2020-10-22,2020,10,"October",22,64,67,60,NA,NA,NA,"",""
2020-10-23,2020,10,"October",23,65,68,61,NA,NA,NA,"",""
2020-10-24,2020,10,"October",24,60,70,50,NA,NA,NA,"",""
2020-10-25,2020,10,"October",25,49,54,44,NA,NA,NA,"",""
2020-10-26,2020,10,"October",26,55,59,51,NA,NA,NA,"",""
2020-10-27,2020,10,"October",27,57,60,54,NA,NA,NA,"",""
2020-10-28,2020,10,"October",28,55,58,52,NA,NA,NA,"",""
2020-10-29,2020,10,"October",29,52,57,46,NA,NA,NA,"",""
2020-10-30,2020,10,"October",30,41,46,36,NA,NA,NA,"",""
2020-10-31,2020,10,"October",31,40,47,32,NA,NA,NA,"",""
2020-10-31,2020,10,"October",31,NA,NA,NA,64.9,58.2,51.5,"",""
2020-11-01,2020,11,"November",1,52,58,45,NA,NA,NA,"",""
2020-11-02,2020,11,"November",2,43,46,39,NA,NA,NA,"",""
2020-11-03,2020,11,"November",3,49,56,41,NA,NA,NA,"",""
2020-11-04,2020,11,"November",4,50,63,37,NA,NA,NA,"",""
2020-11-05,2020,11,"November",5,54,63,44,NA,NA,NA,"",""
2020-11-06,2020,11,"November",6,57,65,49,NA,NA,NA,"",""
2020-11-07,2020,11,"November",7,60,73,47,NA,NA,NA,"",""
2020-11-08,2020,11,"November",8,61,74,47,NA,NA,NA,"",""
2020-11-09,2020,11,"November",9,59,74,44,NA,NA,NA,"",""
2020-11-10,2020,11,"November",10,60,69,51,NA,NA,NA,"",""
2020-11-11,2020,11,"November",11,62,66,58,NA,NA,NA,"",""
2020-11-12,2020,11,"November",12,56,65,46,NA,NA,NA,"",""
2020-11-13,2020,11,"November",13,49,52,45,NA,NA,NA,"",""
2020-11-14,2020,11,"November",14,46,53,39,NA,NA,NA,"",""
2020-11-15,2020,11,"November",15,49,63,34,NA,NA,NA,"",""
2020-11-16,2020,11,"November",16,50,55,44,NA,NA,NA,"",""
2020-11-17,2020,11,"November",17,43,50,36,NA,NA,NA,"",""
2020-11-18,2020,11,"November",18,33,37,28,NA,NA,NA,"",""
2020-11-19,2020,11,"November",19,38,49,26,NA,NA,NA,"",""
2020-11-20,2020,11,"November",20,52,60,44,NA,NA,NA,"",""
2020-11-21,2020,11,"November",21,55,66,44,NA,NA,NA,"",""
2020-11-22,2020,11,"November",22,52,59,44,NA,NA,NA,"",""
2020-11-23,2020,11,"November",23,50,59,41,NA,NA,NA,"",""
2020-11-24,2020,11,"November",24,45,50,39,NA,NA,NA,"",""
2020-11-25,2020,11,"November",25,49,55,42,NA,NA,NA,"",""
2020-11-26,2020,11,"November",26,57,66,47,NA,NA,NA,"",""
2020-11-27,2020,11,"November",27,54,63,44,NA,NA,NA,"",""
2020-11-28,2020,11,"November",28,50,57,42,NA,NA,NA,"",""
2020-11-29,2020,11,"November",29,45,52,38,NA,NA,NA,"",""
2020-11-30,2020,11,"November",30,55,63,47,NA,NA,NA,"",""
2020-11-30,2020,11,"November",30,NA,NA,NA,59.4,50.9,42.4,"",""
2020-12-01,2020,12,"December",1,49,60,38,NA,NA,NA,"",""
2020-12-02,2020,12,"December",2,42,46,37,NA,NA,NA,"",""
2020-12-03,2020,12,"December",3,42,49,35,NA,NA,NA,"",""
2020-12-04,2020,12,"December",4,48,52,44,NA,NA,NA,"",""
2020-12-05,2020,12,"December",5,43,47,39,NA,NA,NA,"",""
2020-12-06,2020,12,"December",6,38,42,33,NA,NA,NA,"",""
2020-12-07,2020,12,"December",7,36,42,30,NA,NA,NA,"",""
2020-12-08,2020,12,"December",8,33,36,30,NA,NA,NA,"",""
2020-12-09,2020,12,"December",9,35,38,32,NA,NA,NA,"",""
2020-12-10,2020,12,"December",10,43,49,36,NA,NA,NA,"",""
2020-12-11,2020,12,"December",11,42,52,32,NA,NA,NA,"",""
2020-12-12,2020,12,"December",12,48,55,41,NA,NA,NA,"",""
2020-12-13,2020,12,"December",13,54,61,46,NA,NA,NA,"",""
2020-12-14,2020,12,"December",14,41,45,36,NA,NA,NA,"",""
2020-12-15,2020,12,"December",15,36,41,30,NA,NA,NA,"",""
2020-12-16,2020,12,"December",16,29,32,25,NA,NA,NA,"",""
2020-12-17,2020,12,"December",17,29,33,25,NA,NA,NA,"",""
2020-12-18,2020,12,"December",18,28,32,23,NA,NA,NA,"",""
2020-12-19,2020,12,"December",19,25,32,18,NA,NA,NA,"",""
2020-12-20,2020,12,"December",20,34,39,28,NA,NA,NA,"",""
2020-12-21,2020,12,"December",21,37,40,33,NA,NA,NA,"",""
2020-12-22,2020,12,"December",22,41,45,36,NA,NA,NA,"",""
2020-12-23,2020,12,"December",23,39,43,35,NA,NA,NA,"",""
2020-12-24,2020,12,"December",24,49,58,40,NA,NA,NA,"",""
2020-12-25,2020,12,"December",25,45,60,29,NA,NA,NA,"",""
2020-12-26,2020,12,"December",26,29,33,24,NA,NA,NA,"",""
2020-12-27,2020,12,"December",27,31,38,24,NA,NA,NA,"",""
2020-12-28,2020,12,"December",28,42,51,33,NA,NA,NA,"",""
2020-12-29,2020,12,"December",29,36,43,28,NA,NA,NA,"",""
2020-12-30,2020,12,"December",30,34,43,24,NA,NA,NA,"",""
2020-12-31,2020,12,"December",31,42,48,35,NA,NA,NA,"",""
2020-12-31,2020,12,"December",31,NA,NA,NA,44.7,38.5,32.2,"",""
2021-01-01,2021,1,"January",1,35,40,30,NA,NA,NA,"",""
2021-01-02,2021,1,"January",2,45,53,36,NA,NA,NA,"",""
2021-01-03,2021,1,"January",3,36,39,33,NA,NA,NA,"",""
2021-01-04,2021,1,"January",4,40,45,35,NA,NA,NA,"",""
2021-01-05,2021,1,"January",5,40,43,36,NA,NA,NA,"",""
2021-01-06,2021,1,"January",6,38,43,33,NA,NA,NA,"",""
2021-01-07,2021,1,"January",7,37,43,31,NA,NA,NA,"",""
2021-01-08,2021,1,"January",8,33,38,27,NA,NA,NA,"",""
2021-01-09,2021,1,"January",9,32,38,26,NA,NA,NA,"",""
2021-01-10,2021,1,"January",10,36,43,29,NA,NA,NA,"",""
2021-01-11,2021,1,"January",11,32,38,26,NA,NA,NA,"",""
2021-01-12,2021,1,"January",12,37,45,28,NA,NA,NA,"",""
2021-01-13,2021,1,"January",13,36,44,28,NA,NA,NA,"",""
2021-01-14,2021,1,"January",14,41,50,32,NA,NA,NA,"",""
2021-01-15,2021,1,"January",15,40,48,31,NA,NA,NA,"",""
2021-01-16,2021,1,"January",16,44,50,38,NA,NA,NA,"",""
2021-01-17,2021,1,"January",17,40,45,35,NA,NA,NA,"",""
2021-01-18,2021,1,"January",18,41,48,34,NA,NA,NA,"",""
2021-01-19,2021,1,"January",19,38,43,32,NA,NA,NA,"",""
2021-01-20,2021,1,"January",20,35,44,26,NA,NA,NA,"",""
2021-01-21,2021,1,"January",21,32,42,21,NA,NA,NA,"",""
2021-01-22,2021,1,"January",22,41,48,33,NA,NA,NA,"",""
2021-01-23,2021,1,"January",23,30,36,24,NA,NA,NA,"",""
2021-01-24,2021,1,"January",24,28,33,22,NA,NA,NA,"",""
2021-01-25,2021,1,"January",25,30,38,22,NA,NA,NA,"",""
2021-01-26,2021,1,"January",26,34,36,31,NA,NA,NA,"",""
2021-01-27,2021,1,"January",27,35,39,31,NA,NA,NA,"",""
2021-01-28,2021,1,"January",28,28,35,20,NA,NA,NA,"",""
2021-01-29,2021,1,"January",29,22,27,16,NA,NA,NA,"",""
2021-01-30,2021,1,"January",30,24,33,15,NA,NA,NA,"",""
2021-01-31,2021,1,"January",31,24,27,20,NA,NA,NA,"",""
2021-01-31,2021,1,"January",31,NA,NA,NA,41.1,34.8,28.4,"",""
2021-02-01,2021,2,"February",1,30,33,26,NA,NA,NA,"",""
2021-02-02,2021,2,"February",2,33,35,31,NA,NA,NA,"",""
2021-02-03,2021,2,"February",3,33,37,29,NA,NA,NA,"",""
2021-02-04,2021,2,"February",4,36,42,29,NA,NA,NA,"",""
2021-02-05,2021,2,"February",5,37,44,30,NA,NA,NA,"",""
2021-02-06,2021,2,"February",6,35,43,26,NA,NA,NA,"",""
2021-02-07,2021,2,"February",7,32,37,26,NA,NA,NA,"",""
2021-02-08,2021,2,"February",8,23,28,17,NA,NA,NA,"",""
2021-02-09,2021,2,"February",9,28,35,21,NA,NA,NA,"",""
2021-02-10,2021,2,"February",10,29,34,24,NA,NA,NA,"",""
2021-02-11,2021,2,"February",11,29,31,26,NA,NA,NA,"",""
2021-02-12,2021,2,"February",12,24,29,19,NA,NA,NA,"",""
2021-02-13,2021,2,"February",13,28,30,25,NA,NA,NA,"",""
2021-02-14,2021,2,"February",14,33,38,28,NA,NA,NA,"",""
2021-02-15,2021,2,"February",15,34,35,32,NA,NA,NA,"",""
2021-02-16,2021,2,"February",16,42,49,34,NA,NA,NA,"",""
2021-02-17,2021,2,"February",17,29,34,23,NA,NA,NA,"",""
2021-02-18,2021,2,"February",18,27,29,24,NA,NA,NA,"",""
2021-02-19,2021,2,"February",19,31,33,28,NA,NA,NA,"",""
2021-02-20,2021,2,"February",20,31,34,27,NA,NA,NA,"",""
2021-02-21,2021,2,"February",21,30,36,23,NA,NA,NA,"",""
2021-02-22,2021,2,"February",22,34,38,29,NA,NA,NA,"",""
2021-02-23,2021,2,"February",23,40,45,34,NA,NA,NA,"",""
2021-02-24,2021,2,"February",24,41,49,32,NA,NA,NA,"",""
2021-02-25,2021,2,"February",25,42,50,34,NA,NA,NA,"",""
2021-02-26,2021,2,"February",26,39,45,32,NA,NA,NA,"",""
2021-02-27,2021,2,"February",27,46,52,39,NA,NA,NA,"",""
2021-02-28,2021,2,"February",28,42,47,37,NA,NA,NA,"",""
2021-02-28,2021,2,"February",28,NA,NA,NA,38.3,33.2,28,"",""
2021-03-01,2021,3,"March",1,41,49,33,NA,NA,NA,"",""
2021-03-02,2021,3,"March",2,29,35,22,NA,NA,NA,"",""
2021-03-03,2021,3,"March",3,41,53,29,NA,NA,NA,"",""
2021-03-04,2021,3,"March",4,36,45,27,NA,NA,NA,"",""
2021-03-05,2021,3,"March",5,31,38,24,NA,NA,NA,"",""
2021-03-06,2021,3,"March",6,32,37,27,NA,NA,NA,"",""
2021-03-07,2021,3,"March",7,35,42,28,NA,NA,NA,"",""
2021-03-08,2021,3,"March",8,34,44,24,NA,NA,NA,"",""
2021-03-09,2021,3,"March",9,51,66,35,NA,NA,NA,"",""
2021-03-10,2021,3,"March",10,42,51,33,NA,NA,NA,"",""
2021-03-11,2021,3,"March",11,50,57,42,NA,NA,NA,"",""
2021-03-12,2021,3,"March",12,58,70,45,NA,NA,NA,"",""
2021-03-13,2021,3,"March",13,43,53,33,NA,NA,NA,"",""
2021-03-14,2021,3,"March",14,43,55,30,NA,NA,NA,"",""
2021-03-15,2021,3,"March",15,32,39,24,NA,NA,NA,"",""
2021-03-16,2021,3,"March",16,32,37,27,NA,NA,NA,"",""
2021-03-17,2021,3,"March",17,41,47,34,NA,NA,NA,"",""
2021-03-18,2021,3,"March",18,44,46,42,NA,NA,NA,"",""
2021-03-19,2021,3,"March",19,38,43,32,NA,NA,NA,"",""
2021-03-20,2021,3,"March",20,42,52,31,NA,NA,NA,"",""
2021-03-21,2021,3,"March",21,46,58,33,NA,NA,NA,"",""
2021-03-22,2021,3,"March",22,46,57,34,NA,NA,NA,"",""
2021-03-23,2021,3,"March",23,52,62,42,NA,NA,NA,"",""
2021-03-24,2021,3,"March",24,51,58,44,NA,NA,NA,"",""
2021-03-25,2021,3,"March",25,57,64,49,NA,NA,NA,"",""
2021-03-26,2021,3,"March",26,65,81,49,NA,NA,NA,"",""
2021-03-27,2021,3,"March",27,57,65,48,NA,NA,NA,"",""
2021-03-28,2021,3,"March",28,53,59,47,NA,NA,NA,"",""
2021-03-29,2021,3,"March",29,49,56,41,NA,NA,NA,"",""
2021-03-30,2021,3,"March",30,45,56,34,NA,NA,NA,"",""
2021-03-31,2021,3,"March",31,54,59,48,NA,NA,NA,"",""
2021-03-31,2021,3,"March",31,NA,NA,NA,52.7,44,35.2,"",""
2021-04-01,2021,4,"April",1,48,57,38,NA,NA,NA,"",""
2021-04-02,2021,4,"April",2,34,38,29,NA,NA,NA,"",""
2021-04-03,2021,4,"April",3,42,52,31,NA,NA,NA,"",""
2021-04-04,2021,4,"April",4,48,57,39,NA,NA,NA,"",""
2021-04-05,2021,4,"April",5,59,70,47,NA,NA,NA,"",""
2021-04-06,2021,4,"April",6,58,70,46,NA,NA,NA,"",""
2021-04-07,2021,4,"April",7,57,67,46,NA,NA,NA,"",""
2021-04-08,2021,4,"April",8,54,63,44,NA,NA,NA,"",""
2021-04-09,2021,4,"April",9,48,51,44,NA,NA,NA,"",""
2021-04-10,2021,4,"April",10,55,62,48,NA,NA,NA,"",""
2021-04-11,2021,4,"April",11,54,60,48,NA,NA,NA,"",""
2021-04-12,2021,4,"April",12,49,52,45,NA,NA,NA,"",""
2021-04-13,2021,4,"April",13,54,64,43,NA,NA,NA,"",""
2021-04-14,2021,4,"April",14,55,64,45,NA,NA,NA,"",""
2021-04-15,2021,4,"April",15,51,56,45,NA,NA,NA,"",""
2021-04-16,2021,4,"April",16,46,53,39,NA,NA,NA,"",""
2021-04-17,2021,4,"April",17,50,57,43,NA,NA,NA,"",""
2021-04-18,2021,4,"April",18,54,61,47,NA,NA,NA,"",""
2021-04-19,2021,4,"April",19,54,63,45,NA,NA,NA,"",""
2021-04-20,2021,4,"April",20,56,67,45,NA,NA,NA,"",""
2021-04-21,2021,4,"April",21,50,60,39,NA,NA,NA,"",""
2021-04-22,2021,4,"April",22,43,50,36,NA,NA,NA,"",""
2021-04-23,2021,4,"April",23,52,64,39,NA,NA,NA,"",""
2021-04-24,2021,4,"April",24,56,68,44,NA,NA,NA,"",""
2021-04-25,2021,4,"April",25,57,64,49,NA,NA,NA,"",""
2021-04-26,2021,4,"April",26,51,61,41,NA,NA,NA,"",""
2021-04-27,2021,4,"April",27,51,57,45,NA,NA,NA,"",""
2021-04-28,2021,4,"April",28,62,73,50,NA,NA,NA,"",""
2021-04-29,2021,4,"April",29,60,66,54,NA,NA,NA,"",""
2021-04-30,2021,4,"April",30,58,69,46,NA,NA,NA,"",""
2021-04-30,2021,4,"April",30,NA,NA,NA,60.5,51.9,43.3,"",""
2021-05-01,2021,5,"May",1,54,65,42,NA,NA,NA,"",""
2021-05-02,2021,5,"May",2,66,79,52,NA,NA,NA,"",""
2021-05-03,2021,5,"May",3,61,67,54,NA,NA,NA,"",""
2021-05-04,2021,5,"May",4,61,71,51,NA,NA,NA,"",""
2021-05-05,2021,5,"May",5,55,59,51,NA,NA,NA,"",""
2021-05-06,2021,5,"May",6,59,67,50,NA,NA,NA,"",""
2021-05-07,2021,5,"May",7,55,62,48,NA,NA,NA,"",""
2021-05-08,2021,5,"May",8,52,55,49,NA,NA,NA,"",""
2021-05-09,2021,5,"May",9,54,62,45,NA,NA,NA,"",""
2021-05-10,2021,5,"May",10,54,61,47,NA,NA,NA,"",""
2021-05-11,2021,5,"May",11,59,67,50,NA,NA,NA,"",""
2021-05-12,2021,5,"May",12,59,70,47,NA,NA,NA,"",""
2021-05-13,2021,5,"May",13,58,68,48,NA,NA,NA,"",""
2021-05-14,2021,5,"May",14,62,73,50,NA,NA,NA,"",""
2021-05-15,2021,5,"May",15,62,75,49,NA,NA,NA,"",""
2021-05-16,2021,5,"May",16,62,70,53,NA,NA,NA,"",""
2021-05-17,2021,5,"May",17,61,73,49,NA,NA,NA,"",""
2021-05-18,2021,5,"May",18,67,79,55,NA,NA,NA,"",""
2021-05-19,2021,5,"May",19,73,86,59,NA,NA,NA,"",""
2021-05-20,2021,5,"May",20,64,72,55,NA,NA,NA,"",""
2021-05-21,2021,5,"May",21,64,75,53,NA,NA,NA,"",""
2021-05-22,2021,5,"May",22,76,94,58,NA,NA,NA,"",""
2021-05-23,2021,5,"May",23,80,92,68,NA,NA,NA,"",""
2021-05-24,2021,5,"May",24,63,68,58,NA,NA,NA,"",""
2021-05-25,2021,5,"May",25,62,68,56,NA,NA,NA,"",""
2021-05-26,2021,5,"May",26,68,75,60,NA,NA,NA,"",""
2021-05-27,2021,5,"May",27,75,85,65,NA,NA,NA,"",""
2021-05-28,2021,5,"May",28,60,70,49,NA,NA,NA,"",""
2021-05-29,2021,5,"May",29,50,52,48,NA,NA,NA,"",""
2021-05-30,2021,5,"May",30,50,52,47,NA,NA,NA,"",""
2021-05-31,2021,5,"May",31,60,71,49,NA,NA,NA,"",""
2021-05-31,2021,5,"May",31,NA,NA,NA,70.4,61.3,52.1,"",""
2021-06-01,2021,6,"June",1,64,76,52,NA,NA,NA,"",""
2021-06-02,2021,6,"June",2,63,70,56,NA,NA,NA,"",""
2021-06-03,2021,6,"June",3,65,71,59,NA,NA,NA,"",""
2021-06-04,2021,6,"June",4,68,75,61,NA,NA,NA,"",""
2021-06-05,2021,6,"June",5,75,87,62,NA,NA,NA,"",""
2021-06-06,2021,6,"June",6,78,87,68,NA,NA,NA,"",""
2021-06-07,2021,6,"June",7,74,81,66,NA,NA,NA,"",""
2021-06-08,2021,6,"June",8,76,85,66,NA,NA,NA,"",""
2021-06-09,2021,6,"June",9,81,91,70,NA,NA,NA,"",""
2021-06-10,2021,6,"June",10,72,81,62,NA,NA,NA,"",""
2021-06-11,2021,6,"June",11,66,71,61,NA,NA,NA,"",""
2021-06-12,2021,6,"June",12,64,69,59,NA,NA,NA,"",""
2021-06-13,2021,6,"June",13,65,72,58,NA,NA,NA,"",""
2021-06-14,2021,6,"June",14,67,71,63,NA,NA,NA,"",""
2021-06-15,2021,6,"June",15,75,83,66,NA,NA,NA,"",""
2021-06-16,2021,6,"June",16,71,78,63,NA,NA,NA,"",""
2021-06-17,2021,6,"June",17,67,77,57,NA,NA,NA,"",""
2021-06-18,2021,6,"June",18,69,79,59,NA,NA,NA,"",""
2021-06-19,2021,6,"June",19,77,89,65,NA,NA,NA,"",""
2021-06-20,2021,6,"June",20,74,83,64,NA,NA,NA,"",""
2021-06-21,2021,6,"June",21,75,81,68,NA,NA,NA,"",""
2021-06-22,2021,6,"June",22,70,81,59,NA,NA,NA,"",""
2021-06-23,2021,6,"June",23,66,76,56,NA,NA,NA,"",""
2021-06-24,2021,6,"June",24,66,75,57,NA,NA,NA,"",""
2021-06-25,2021,6,"June",25,69,75,63,NA,NA,NA,"",""
2021-06-26,2021,6,"June",26,74,80,67,NA,NA,NA,"",""
2021-06-27,2021,6,"June",27,76,82,69,NA,NA,NA,"",""
2021-06-28,2021,6,"June",28,79,87,70,NA,NA,NA,"",""
2021-06-29,2021,6,"June",29,81,90,72,NA,NA,NA,"",""
2021-06-30,2021,6,"June",30,82,91,73,NA,NA,NA,"",""
2021-06-30,2021,6,"June",30,NA,NA,NA,79.8,71.4,63,"",""
2021-07-01,2021,7,"July",1,80,88,71,NA,NA,NA,"",""
2021-07-02,2021,7,"July",2,71,77,64,NA,NA,NA,"",""
2021-07-03,2021,7,"July",3,64,67,60,NA,NA,NA,"",""
2021-07-04,2021,7,"July",4,68,77,59,NA,NA,NA,"",""
2021-07-05,2021,7,"July",5,73,81,65,NA,NA,NA,"",""
2021-07-06,2021,7,"July",6,79,87,71,NA,NA,NA,"",""
2021-07-07,2021,7,"July",7,80,89,71,NA,NA,NA,"",""
2021-07-08,2021,7,"July",8,77,81,73,NA,NA,NA,"",""
2021-07-09,2021,7,"July",9,79,86,71,NA,NA,NA,"",""
2021-07-10,2021,7,"July",10,76,80,71,NA,NA,NA,"",""
2021-07-11,2021,7,"July",11,75,79,70,NA,NA,NA,"",""
2021-07-12,2021,7,"July",12,79,86,71,NA,NA,NA,"",""
2021-07-13,2021,7,"July",13,73,77,68,NA,NA,NA,"",""
2021-07-14,2021,7,"July",14,78,86,70,NA,NA,NA,"",""
2021-07-15,2021,7,"July",15,80,87,72,NA,NA,NA,"",""
2021-07-16,2021,7,"July",16,82,89,74,NA,NA,NA,"",""
2021-07-17,2021,7,"July",17,80,87,72,NA,NA,NA,"",""
2021-07-18,2021,7,"July",18,79,85,73,NA,NA,NA,"",""
2021-07-19,2021,7,"July",19,76,82,70,NA,NA,NA,"",""
2021-07-20,2021,7,"July",20,79,86,71,NA,NA,NA,"",""
2021-07-21,2021,7,"July",21,77,85,68,NA,NA,NA,"",""
2021-07-22,2021,7,"July",22,74,83,65,NA,NA,NA,"",""
2021-07-23,2021,7,"July",23,75,84,66,NA,NA,NA,"",""
2021-07-24,2021,7,"July",24,74,82,65,NA,NA,NA,"",""
2021-07-25,2021,7,"July",25,74,80,68,NA,NA,NA,"",""
2021-07-26,2021,7,"July",26,81,90,71,NA,NA,NA,"",""
2021-07-27,2021,7,"July",27,79,88,69,NA,NA,NA,"",""
2021-07-28,2021,7,"July",28,77,83,71,NA,NA,NA,"",""
2021-07-29,2021,7,"July",29,75,78,71,NA,NA,NA,"",""
2021-07-30,2021,7,"July",30,76,86,66,NA,NA,NA,"",""
2021-07-31,2021,7,"July",31,68,76,59,NA,NA,NA,"",""
2021-07-31,2021,7,"July",31,NA,NA,NA,83,75.8,68.6,"",""
2021-08-01,2021,8,"August",1,71,77,65,NA,NA,NA,"",""
2021-08-02,2021,8,"August",2,72,82,62,NA,NA,NA,"",""
2021-08-03,2021,8,"August",3,73,80,65,NA,NA,NA,"",""
2021-08-04,2021,8,"August",4,71,76,66,NA,NA,NA,"",""
2021-08-05,2021,8,"August",5,75,81,68,NA,NA,NA,"",""
2021-08-06,2021,8,"August",6,76,84,67,NA,NA,NA,"",""
2021-08-07,2021,8,"August",7,76,83,69,NA,NA,NA,"",""
2021-08-08,2021,8,"August",8,70,74,66,NA,NA,NA,"",""
2021-08-09,2021,8,"August",9,74,78,70,NA,NA,NA,"",""
2021-08-10,2021,8,"August",10,76,81,70,NA,NA,NA,"",""
2021-08-11,2021,8,"August",11,79,85,73,NA,NA,NA,"",""
2021-08-12,2021,8,"August",12,82,89,75,NA,NA,NA,"",""
2021-08-13,2021,8,"August",13,84,91,77,NA,NA,NA,"",""
2021-08-14,2021,8,"August",14,84,91,76,NA,NA,NA,"",""
2021-08-15,2021,8,"August",15,76,82,70,NA,NA,NA,"",""
2021-08-16,2021,8,"August",16,75,81,68,NA,NA,NA,"",""
2021-08-17,2021,8,"August",17,76,81,71,NA,NA,NA,"",""
2021-08-18,2021,8,"August",18,78,83,72,NA,NA,NA,"",""
2021-08-19,2021,8,"August",19,83,88,77,NA,NA,NA,"",""
2021-08-20,2021,8,"August",20,79,83,74,NA,NA,NA,"",""
2021-08-21,2021,8,"August",21,77,82,71,NA,NA,NA,"",""
2021-08-22,2021,8,"August",22,74,76,72,NA,NA,NA,"",""
2021-08-23,2021,8,"August",23,80,87,72,NA,NA,NA,"",""
2021-08-24,2021,8,"August",24,81,91,71,NA,NA,NA,"",""
2021-08-25,2021,8,"August",25,80,89,71,NA,NA,NA,"",""
2021-08-26,2021,8,"August",26,82,89,74,NA,NA,NA,"",""
2021-08-27,2021,8,"August",27,85,93,76,NA,NA,NA,"",""
2021-08-28,2021,8,"August",28,73,80,65,NA,NA,NA,"",""
2021-08-29,2021,8,"August",29,72,77,67,NA,NA,NA,"",""
2021-08-30,2021,8,"August",30,78,83,72,NA,NA,NA,"",""
2021-08-31,2021,8,"August",31,80,87,73,NA,NA,NA,"",""
2021-08-31,2021,8,"August",31,NA,NA,NA,83.4,76.9,70.5,"",""
2021-09-01,2021,9,"September",1,71,78,64,NA,NA,NA,"",""
2021-09-02,2021,9,"September",2,70,78,61,NA,NA,NA,"",""
2021-09-03,2021,9,"September",3,68,77,58,NA,NA,NA,"",""
2021-09-04,2021,9,"September",4,70,78,61,NA,NA,NA,"",""
2021-09-05,2021,9,"September",5,70,74,65,NA,NA,NA,"",""
2021-09-06,2021,9,"September",6,77,84,69,NA,NA,NA,"",""
2021-09-07,2021,9,"September",7,72,80,63,NA,NA,NA,"",""
2021-09-08,2021,9,"September",8,74,80,68,NA,NA,NA,"",""
2021-09-09,2021,9,"September",9,72,74,69,NA,NA,NA,"",""
2021-09-10,2021,9,"September",10,70,76,63,NA,NA,NA,"",""
2021-09-11,2021,9,"September",11,67,76,58,NA,NA,NA,"",""
2021-09-12,2021,9,"September",12,75,82,67,NA,NA,NA,"",""
2021-09-13,2021,9,"September",13,78,87,68,NA,NA,NA,"",""
2021-09-14,2021,9,"September",14,73,78,67,NA,NA,NA,"",""
2021-09-15,2021,9,"September",15,76,81,71,NA,NA,NA,"",""
2021-09-16,2021,9,"September",16,75,80,70,NA,NA,NA,"",""
2021-09-17,2021,9,"September",17,74,78,70,NA,NA,NA,"",""
2021-09-18,2021,9,"September",18,77,86,68,NA,NA,NA,"",""
2021-09-19,2021,9,"September",19,72,79,64,NA,NA,NA,"",""
2021-09-20,2021,9,"September",20,68,76,60,NA,NA,NA,"",""
2021-09-21,2021,9,"September",21,68,77,58,NA,NA,NA,"",""
2021-09-22,2021,9,"September",22,76,80,71,NA,NA,NA,"",""
2021-09-23,2021,9,"September",23,73,81,64,NA,NA,NA,"",""
2021-09-24,2021,9,"September",24,66,74,58,NA,NA,NA,"",""
2021-09-25,2021,9,"September",25,67,76,57,NA,NA,NA,"",""
2021-09-26,2021,9,"September",26,68,74,62,NA,NA,NA,"",""
2021-09-27,2021,9,"September",27,71,80,61,NA,NA,NA,"",""
2021-09-28,2021,9,"September",28,69,76,62,NA,NA,NA,"",""
2021-09-29,2021,9,"September",29,63,72,54,NA,NA,NA,"",""
2021-09-30,2021,9,"September",30,61,67,54,NA,NA,NA,"",""
2021-09-30,2021,9,"September",30,NA,NA,NA,78,70.7,63.5,"",""
2021-10-01,2021,10,"October",1,60,70,50,NA,NA,NA,"",""
2021-10-02,2021,10,"October",2,65,75,54,NA,NA,NA,"",""
2021-10-03,2021,10,"October",3,68,77,59,NA,NA,NA,"",""
2021-10-04,2021,10,"October",4,68,73,62,NA,NA,NA,"",""
2021-10-05,2021,10,"October",5,63,66,60,NA,NA,NA,"",""
2021-10-06,2021,10,"October",6,66,72,60,NA,NA,NA,"",""
2021-10-07,2021,10,"October",7,67,75,59,NA,NA,NA,"",""
2021-10-08,2021,10,"October",8,69,77,60,NA,NA,NA,"",""
2021-10-09,2021,10,"October",9,65,72,58,NA,NA,NA,"",""
2021-10-10,2021,10,"October",10,66,69,62,NA,NA,NA,"",""
2021-10-11,2021,10,"October",11,68,75,60,NA,NA,NA,"",""
2021-10-12,2021,10,"October",12,66,72,59,NA,NA,NA,"",""
2021-10-13,2021,10,"October",13,64,69,58,NA,NA,NA,"",""
2021-10-14,2021,10,"October",14,71,80,62,NA,NA,NA,"",""
2021-10-15,2021,10,"October",15,69,77,61,NA,NA,NA,"",""
2021-10-16,2021,10,"October",16,67,75,59,NA,NA,NA,"",""
2021-10-17,2021,10,"October",17,59,65,53,NA,NA,NA,"",""
2021-10-18,2021,10,"October",18,57,64,50,NA,NA,NA,"",""
2021-10-19,2021,10,"October",19,58,68,48,NA,NA,NA,"",""
2021-10-20,2021,10,"October",20,69,79,58,NA,NA,NA,"",""
2021-10-21,2021,10,"October",21,65,73,57,NA,NA,NA,"",""
2021-10-22,2021,10,"October",22,65,71,58,NA,NA,NA,"",""
2021-10-23,2021,10,"October",23,56,62,50,NA,NA,NA,"",""
2021-10-24,2021,10,"October",24,55,62,47,NA,NA,NA,"",""
2021-10-25,2021,10,"October",25,67,73,61,NA,NA,NA,"",""
2021-10-26,2021,10,"October",26,61,66,56,NA,NA,NA,"",""
2021-10-27,2021,10,"October",27,57,61,53,NA,NA,NA,"",""
2021-10-28,2021,10,"October",28,53,58,48,NA,NA,NA,"",""
2021-10-29,2021,10,"October",29,53,59,47,NA,NA,NA,"",""
2021-10-30,2021,10,"October",30,61,66,56,NA,NA,NA,"",""
2021-10-31,2021,10,"October",31,61,66,56,NA,NA,NA,"",""
2021-10-31,2021,10,"October",31,NA,NA,NA,69.9,63.1,56.2,"",""
2021-11-01,2021,11,"November",1,56,62,50,NA,NA,NA,"",""
2021-11-02,2021,11,"November",2,50,56,44,NA,NA,NA,"",""
2021-11-03,2021,11,"November",3,48,56,40,NA,NA,NA,"",""
2021-11-04,2021,11,"November",4,46,53,38,NA,NA,NA,"",""
2021-11-05,2021,11,"November",5,45,53,37,NA,NA,NA,"",""
2021-11-06,2021,11,"November",6,46,55,36,NA,NA,NA,"",""
2021-11-07,2021,11,"November",7,46,55,37,NA,NA,NA,"",""
2021-11-08,2021,11,"November",8,55,66,43,NA,NA,NA,"",""
2021-11-09,2021,11,"November",9,56,69,43,NA,NA,NA,"",""
2021-11-10,2021,11,"November",10,57,67,46,NA,NA,NA,"",""
2021-11-11,2021,11,"November",11,50,62,38,NA,NA,NA,"",""
2021-11-12,2021,11,"November",12,58,66,50,NA,NA,NA,"",""
2021-11-13,2021,11,"November",13,52,64,39,NA,NA,NA,"",""
2021-11-14,2021,11,"November",14,44,48,39,NA,NA,NA,"",""
2021-11-15,2021,11,"November",15,45,50,39,NA,NA,NA,"",""
2021-11-16,2021,11,"November",16,44,50,37,NA,NA,NA,"",""
2021-11-17,2021,11,"November",17,45,57,33,NA,NA,NA,"",""
2021-11-18,2021,11,"November",18,56,64,48,NA,NA,NA,"",""
2021-11-19,2021,11,"November",19,45,50,39,NA,NA,NA,"",""
2021-11-20,2021,11,"November",20,41,48,33,NA,NA,NA,"",""
2021-11-21,2021,11,"November",21,50,56,43,NA,NA,NA,"",""
2021-11-22,2021,11,"November",22,46,55,36,NA,NA,NA,"",""
